"pwdlastset","enabled","samaccountname"
"12/31/1600 4:00:00 PM","False","Guest"
"12/12/2015 11:58:53 PM","True","cbrown"
"10/22/2016 10:08:00 PM","False","krbtgt"
"11/29/2016 4:31:50 PM","True","mqm"
"12/1/2016 8:53:57 AM","True","phxmqm"
"6/28/2017 4:15:28 PM","True","jvanderbeek.advisor"
"4/20/2016 9:42:11 AM","True","bjperna.advisor"
"4/11/2013 3:22:30 PM","False","cbradley.dr"
"9/7/2017 12:22:43 PM","True","ldyer.dr"
"12/31/1600 4:00:00 PM","False","lcorbaley.dr"
"12/31/1600 4:00:00 PM","False","pmcfarland.dr"
"11/9/2016 2:59:23 PM","True","pramadas.dr"
"4/14/2016 10:08:54 AM","True","atoral.dr"
"10/5/2017 2:08:25 PM","True","ssuvvari.dr"
"6/28/2017 7:35:38 PM","True","epavon.dr"
"10/3/2017 3:17:07 PM","True","lpetitjean.dr"
"7/11/2016 4:54:10 PM","True","evalentine.dr"
"10/30/2015 3:57:44 PM","True","cmartinez.dr"
"11/5/2015 2:53:38 PM","True","selliott.dr"
"11/10/2015 3:25:01 PM","True","jjakubowski.dr"
"8/31/2017 10:24:31 AM","True","whuggins.dr"
"6/28/2017 5:41:14 PM","True","nfedei.dr"
"10/18/2017 12:02:23 PM","True","jbattista.dr"
"6/24/2017 11:48:35 PM","True","tphillips.dr"
"10/19/2017 6:45:45 PM","True","MTaranto.DR"
"12/27/2016 11:29:31 AM","True","jadkins.advisor"
"12/31/1600 4:00:00 PM","True","jevans.DR"
"10/17/2017 8:36:45 AM","True","aeufemio.dr"
"10/4/2016 8:28:14 AM","True","mwroblewski.dr"
"10/4/2016 8:27:32 AM","True","dmabiala.dr"
"6/27/2017 1:32:33 PM","True","jmadan.dr"
"10/18/2017 4:46:00 PM","True","jvanderbeek.dr"
"10/4/2016 11:18:35 AM","False","pjurisprudencia.dr"
"10/19/2017 12:17:35 PM","True","jedwards.dr"
"6/21/2017 7:02:57 AM","True","wharp.dr"
"11/3/2016 3:13:20 PM","True","rdequiroz.dr"
"3/2/2016 9:47:08 AM","True","kumblas.dr"
"10/19/2017 7:11:54 PM","True","RDowd.dr"
"3/2/2016 3:55:46 PM","True","aasokan.dr"
"12/31/1600 4:00:00 PM","True","aortega.dr"
"11/5/2015 3:30:55 PM","True","agilbert.dr"
"11/5/2015 4:23:56 PM","True","dcatto.dr"
"3/30/2016 9:50:39 PM","False","Rsanders.dr"
"11/5/2015 3:13:26 PM","False","RMeine.dr"
"5/5/2016 11:07:29 AM","False","RFernandez.dr"
"3/3/2016 11:47:14 AM","False","balbert.dr"
"8/26/2017 7:59:05 PM","True","svc_rsa"
"3/22/2013 12:29:47 AM","True","infra_svc"
"3/14/2014 10:47:27 AM","False","SVC_SS-Test"
"9/18/2014 6:13:07 PM","False","svc_Manuals-DR-RW"
"8/26/2017 8:15:12 PM","True","svc_Manuals-DR-RO"
"8/26/2017 8:16:53 PM","True","svc_mq_dr"
"11/17/2016 4:45:14 PM","True","svc_phxSecretServer"
"1/28/2016 12:19:47 PM","True","scheduler"
"3/17/2009 11:44:02 AM","True","svcweblog"
"4/28/2009 9:17:46 PM","True","cyberfusion"
"11/5/2009 9:31:41 AM","True","svcmailfile"
